id,user_id,game_id,rating,created_at,updated_at
1,1,1,3,"2023-03-24 06:51:50","2023-03-24 06:51:50"
2,1,2,3,"2023-03-24 06:52:17","2023-03-24 06:52:17"
3,1,3,3,"2023-03-24 06:52:27","2023-03-24 06:52:27"
4,1,4,3,"2023-03-24 06:52:45","2023-03-24 06:52:45"
5,1,5,2,"2023-03-24 06:53:32","2023-03-24 06:53:32"
6,1,6,,"2023-03-24 06:53:42","2023-03-24 06:53:42"
7,1,7,,"2023-03-24 06:54:25","2023-03-24 06:54:25"
8,1,8,2,"2023-03-24 06:54:48","2023-03-24 06:54:48"
9,1,9,,"2023-03-24 06:54:59","2023-03-24 06:54:59"
10,1,10,5,"2023-03-24 06:55:19","2023-03-24 06:55:19"
11,1,11,2,"2023-03-24 06:55:42","2023-03-24 06:55:42"
12,1,12,3,"2023-03-24 06:55:57","2023-03-24 06:55:57"
13,1,13,,"2023-03-24 06:56:13","2023-03-24 06:56:13"
14,1,14,2,"2023-03-24 06:57:02","2023-03-24 06:57:02"
15,1,15,,"2023-03-24 06:57:14","2023-03-24 06:57:14"
16,1,16,,"2023-03-24 06:57:31","2023-03-24 06:57:31"
17,1,17,5,"2023-03-24 06:57:50","2023-03-24 06:57:50"
18,1,18,,"2023-03-24 06:58:45","2023-03-24 06:58:45"
19,1,19,,"2023-03-24 06:59:02","2023-03-24 06:59:02"
20,1,20,4,"2023-03-24 06:59:20","2023-03-24 06:59:20"
21,1,21,,"2023-03-24 06:59:39","2023-03-24 06:59:39"
22,1,22,,"2023-03-24 07:00:13","2023-03-24 07:00:13"
23,1,23,3,"2023-03-24 07:00:28","2023-03-24 07:00:28"
24,1,24,,"2023-03-24 07:00:42","2023-03-24 07:00:42"
25,1,25,,"2023-03-24 07:01:08","2023-03-24 07:01:08"
26,1,26,,"2023-03-24 07:01:29","2023-03-24 07:01:29"
27,1,27,4,"2023-03-24 07:01:44","2023-03-24 07:01:44"
28,1,28,4,"2023-03-24 07:05:22","2023-03-24 07:05:22"
29,1,29,,"2023-03-24 07:05:46","2023-03-24 07:05:46"
30,1,30,,"2023-03-24 07:05:59","2023-03-24 07:05:59"
31,1,31,4,"2023-03-24 07:06:23","2023-03-24 07:06:23"
32,1,32,,"2023-03-24 07:06:51","2023-03-24 07:06:51"
33,1,33,,"2023-03-24 07:07:10","2023-03-24 07:07:10"
34,1,34,3,"2023-03-24 07:07:31","2023-03-24 07:07:31"
35,1,35,4,"2023-03-24 07:07:46","2023-03-24 07:07:46"
36,1,36,,"2023-03-24 07:07:59","2023-03-24 07:07:59"
37,1,37,3,"2023-03-24 07:08:16","2023-03-24 07:08:16"
38,1,38,3,"2023-03-24 07:08:32","2023-03-24 07:08:32"
39,1,39,,"2023-03-24 07:08:53","2023-03-24 07:08:53"
40,1,40,,"2023-03-24 07:09:06","2023-03-24 07:09:06"
41,1,41,,"2023-03-24 07:10:46","2023-03-24 07:10:46"
42,1,42,,"2023-03-24 07:11:23","2023-03-24 07:11:23"
43,1,43,,"2023-03-24 07:11:54","2023-03-24 07:11:54"
44,1,44,5,"2023-03-24 07:12:03","2023-03-24 07:12:03"
45,1,45,3,"2023-03-24 07:12:20","2023-03-24 07:12:20"
46,1,46,,"2023-03-24 07:12:32","2023-03-24 07:12:32"
47,1,47,,"2023-03-24 07:12:55","2023-03-24 07:12:55"
48,1,48,,"2023-03-24 07:13:10","2023-03-24 07:13:10"
49,1,49,,"2023-03-24 07:13:33","2023-03-24 07:13:33"
50,1,50,4,"2023-03-24 07:13:59","2023-03-24 07:13:59"
51,2,1,4,"2023-03-24 07:19:11","2023-03-24 07:19:11"
52,2,2,4,"2023-03-24 07:19:42","2023-03-24 07:19:42"
53,2,3,5,"2023-03-24 07:19:56","2023-03-24 07:19:56"
54,2,4,4,"2023-03-24 07:21:29","2023-03-24 07:21:29"
55,2,5,,"2023-03-24 07:22:40","2023-03-24 07:22:40"
56,2,6,,"2023-03-24 07:26:22","2023-03-24 07:26:22"
57,2,7,3,"2023-03-24 07:26:42","2023-03-24 07:26:42"
58,2,8,,NULL,NULL
59,2,9,,"2023-03-24 07:27:44","2023-03-24 07:27:44"
60,2,10,4,"2023-03-24 07:28:00","2023-03-24 07:28:00"
61,2,11,3,"2023-03-24 07:28:20","2023-03-24 07:28:20"
62,2,12,5,"2023-03-24 07:30:41","2023-03-24 07:30:41"
63,2,13,,"2023-03-24 07:31:03","2023-03-24 07:31:03"
64,2,14,,"2023-03-24 07:31:23","2023-03-24 07:31:23"
65,2,15,,"2023-03-24 07:31:55","2023-03-24 07:31:55"
66,2,16,,"2023-03-24 07:32:16","2023-03-24 07:32:16"
67,2,17,4,"2023-03-24 07:39:03","2023-03-24 07:39:03"
68,2,18,3,"2023-03-24 07:39:54","2023-03-24 07:39:54"
69,2,19,4,"2023-03-24 07:40:13","2023-03-24 07:40:13"
70,2,20,3,"2023-03-24 07:41:05","2023-03-24 07:41:05"
71,2,21,,"2023-03-24 07:41:22","2023-03-24 07:41:22"
72,2,22,,"2023-03-24 07:41:52","2023-03-24 07:41:52"
73,2,23,3,"2023-03-24 07:42:19","2023-03-24 07:42:19"
74,2,24,,"2023-03-24 07:42:40","2023-03-24 07:42:40"
75,2,25,,"2023-03-24 07:44:11","2023-03-24 07:44:11"
76,2,26,,"2023-03-24 07:44:31","2023-03-24 07:44:31"
77,2,27,4,"2023-03-24 07:44:46","2023-03-24 07:44:46"
78,2,28,5,"2023-03-24 07:45:05","2023-03-24 07:45:05"
79,2,29,,"2023-03-24 07:46:06","2023-03-24 07:46:06"
80,2,30,,"2023-03-24 07:46:37","2023-03-24 07:46:37"
81,2,31,,"2023-03-24 07:46:50","2023-03-24 07:46:50"
82,2,32,,"2023-03-24 07:47:11","2023-03-24 07:47:11"
83,2,33,,"2023-03-24 07:47:26","2023-03-24 07:47:26"
84,2,34,3,"2023-03-24 07:47:57","2023-03-24 07:47:57"
85,2,35,3,"2023-03-24 07:48:26","2023-03-24 07:48:26"
86,2,36,,"2023-03-24 07:48:38","2023-03-24 07:48:38"
87,2,37,3,"2023-03-24 07:49:13","2023-03-24 07:49:13"
88,2,38,5,"2023-03-24 07:49:30","2023-03-24 07:49:30"
89,2,39,,"2023-03-24 07:49:42","2023-03-24 07:49:42"
90,2,40,,"2023-03-24 07:49:57","2023-03-24 07:49:57"
91,2,41,,"2023-03-24 07:50:09","2023-03-24 07:50:09"
92,2,42,,"2023-03-24 07:50:24","2023-03-24 07:50:24"
93,2,43,,"2023-03-24 07:50:46","2023-03-24 07:50:46"
94,2,44,5,"2023-03-24 07:51:03","2023-03-24 07:51:03"
95,2,45,3,"2023-03-24 07:51:17","2023-03-24 07:51:17"
96,2,46,3,"2023-03-24 07:51:31","2023-03-24 07:51:31"
97,2,47,,"2023-03-24 07:51:44","2023-03-24 07:51:44"
98,2,48,,"2023-03-24 07:51:58","2023-03-24 07:51:58"
99,2,49,,"2023-03-24 07:52:14","2023-03-24 07:52:14"
100,2,50,3,"2023-03-24 07:52:31","2023-03-24 07:52:31"
101,3,1,3,"2023-03-24 07:53:50","2023-03-24 07:53:50"
102,3,2,3,"2023-03-24 07:54:00","2023-03-24 07:54:00"
103,3,3,3,"2023-03-24 07:55:19","2023-03-24 07:55:19"
104,3,4,,"2023-03-24 07:55:32","2023-03-24 07:55:32"
105,3,5,,"2023-03-24 07:55:58","2023-03-24 07:55:58"
106,3,6,,"2023-03-24 07:56:08","2023-03-24 07:56:08"
107,3,7,,"2023-03-24 07:56:15","2023-03-24 07:56:15"
108,3,8,,"2023-03-24 07:56:23","2023-03-24 07:56:23"
109,3,9,,"2023-03-24 07:56:33","2023-03-24 07:56:33"
110,3,10,3,"2023-03-24 07:56:43","2023-03-24 07:56:43"
111,3,11,,"2023-03-24 07:56:51","2023-03-24 07:56:51"
112,3,12,5,"2023-03-24 07:57:04","2023-03-24 07:57:04"
113,3,13,3,"2023-03-24 07:57:15","2023-03-24 07:57:15"
114,3,14,,"2023-03-24 07:57:25","2023-03-24 07:57:25"
115,3,15,,"2023-03-24 07:58:20","2023-03-24 07:58:20"
116,3,16,4,"2023-03-24 07:58:36","2023-03-24 07:58:36"
117,3,17,,"2023-03-24 07:58:59","2023-03-24 07:58:59"
118,3,18,3,"2023-03-24 08:00:05","2023-03-24 08:00:05"
119,3,19,5,"2023-03-24 08:00:14","2023-03-24 08:00:14"
120,3,20,,"2023-03-24 08:00:30","2023-03-24 08:00:30"
121,3,21,4,"2023-03-24 08:00:44","2023-03-24 08:00:44"
122,3,22,3,"2023-03-24 08:00:57","2023-03-24 08:00:57"
123,3,23,3,"2023-03-24 08:01:12","2023-03-24 08:01:12"
124,3,24,3,"2023-03-24 08:03:01","2023-03-24 08:03:01"
125,3,25,,"2023-03-24 08:03:28","2023-03-24 08:03:28"
126,3,26,,"2023-03-24 08:03:37","2023-03-24 08:03:37"
127,3,27,3,"2023-03-24 08:03:55","2023-03-24 08:03:55"
128,3,28,5,"2023-03-24 08:04:04","2023-03-24 08:04:04"
129,3,29,,"2023-03-24 08:05:13","2023-03-24 08:05:13"
130,3,30,,"2023-03-24 08:05:20","2023-03-24 08:05:20"
131,3,31,,"2023-03-24 08:05:28","2023-03-24 08:05:28"
132,3,32,,"2023-03-24 08:05:37","2023-03-24 08:05:37"
133,3,33,,"2023-03-24 08:05:45","2023-03-24 08:05:45"
134,3,34,3,"2023-03-24 08:05:57","2023-03-24 08:05:57"
135,3,35,3,"2023-03-24 08:06:09","2023-03-24 08:06:09"
136,3,36,,"2023-03-24 08:06:19","2023-03-24 08:06:19"
137,3,37,3,"2023-03-24 08:06:32","2023-03-24 08:06:32"
138,3,38,3,"2023-03-24 08:06:44","2023-03-24 08:06:44"
139,3,39,,"2023-03-24 08:06:52","2023-03-24 08:06:52"
140,3,40,,"2023-03-24 08:07:02","2023-03-24 08:07:02"
141,3,41,3,"2023-03-24 08:07:16","2023-03-24 08:07:16"
142,3,42,,"2023-03-24 08:07:28","2023-03-24 08:07:28"
143,3,43,,"2023-03-24 08:08:28","2023-03-24 08:08:28"
144,3,44,,"2023-03-24 08:08:40","2023-03-24 08:08:40"
145,3,45,3,"2023-03-24 08:08:51","2023-03-24 08:08:51"
146,3,46,,"2023-03-24 08:09:03","2023-03-24 08:09:03"
147,3,47,,"2023-03-24 08:09:10","2023-03-24 08:09:10"
148,3,48,,"2023-03-24 08:09:22","2023-03-24 08:09:22"
149,3,49,,"2023-03-24 08:09:42","2023-03-24 08:09:42"
150,3,50,4,"2023-03-24 08:09:54","2023-03-24 08:09:54"
151,4,1,4,"2023-03-24 08:10:42","2023-03-24 08:10:42"
152,4,2,5,"2023-03-24 08:11:49","2023-03-24 08:11:49"
153,4,3,4,"2023-03-24 08:12:22","2023-03-24 08:12:22"
154,4,4,,"2023-03-24 08:12:52","2023-03-24 08:12:52"
155,4,5,,"2023-03-24 08:12:59","2023-03-24 08:12:59"
156,4,6,,"2023-03-24 08:13:06","2023-03-24 08:13:06"
157,4,7,,"2023-03-24 08:13:20","2023-03-24 08:13:20"
158,4,8,,"2023-03-24 08:13:27","2023-03-24 08:13:27"
159,4,9,,"2023-03-24 08:14:52","2023-03-24 08:14:52"
160,4,10,,"2023-03-24 08:15:02","2023-03-24 08:15:02"
161,4,11,3,"2023-03-24 08:15:13","2023-03-24 08:15:13"
162,4,12,5,"2023-03-24 08:15:22","2023-03-24 08:15:22"
163,4,13,4,"2023-03-24 08:15:33","2023-03-24 08:15:33"
164,4,14,,"2023-03-24 08:15:48","2023-03-24 08:15:48"
165,4,15,,"2023-03-24 08:16:16","2023-03-24 08:16:16"
166,4,16,4,"2023-03-24 08:16:24","2023-03-24 08:16:24"
167,4,17,,"2023-03-24 08:16:30","2023-03-24 08:16:30"
168,4,18,3,"2023-03-24 08:16:37","2023-03-24 08:16:37"
169,4,19,5,"2023-03-24 08:17:01","2023-03-24 08:17:01"
170,4,20,,"2023-03-24 08:17:11","2023-03-24 08:17:11"
171,4,21,4,"2023-03-24 08:17:23","2023-03-24 08:17:23"
172,4,22,3,"2023-03-24 08:17:30","2023-03-24 08:17:30"
173,4,23,3,"2023-03-24 08:17:48","2023-03-24 08:17:48"
174,4,24,3,"2023-03-24 08:18:08","2023-03-24 08:18:08"
175,4,25,,"2023-03-24 08:18:16","2023-03-24 08:18:16"
176,4,26,,"2023-03-24 08:18:23","2023-03-24 08:18:23"
177,4,27,4,"2023-03-24 08:18:31","2023-03-24 08:18:31"
178,4,28,5,"2023-03-24 08:18:38","2023-03-24 08:18:38"
179,4,29,,"2023-03-24 08:18:46","2023-03-24 08:18:46"
180,4,30,,"2023-03-24 08:18:54","2023-03-24 08:18:54"
181,4,31,,"2023-03-24 08:19:01","2023-03-24 08:19:01"
182,4,32,,"2023-03-24 08:19:08","2023-03-24 08:19:08"
183,4,33,,"2023-03-24 08:19:41","2023-03-24 08:19:41"
184,4,34,3,"2023-03-24 08:19:49","2023-03-24 08:19:49"
185,4,35,3,"2023-03-24 08:19:55","2023-03-24 08:19:55"
186,4,36,,"2023-03-24 08:21:34","2023-03-24 08:21:34"
187,4,37,3,"2023-03-24 08:21:57","2023-03-24 08:21:57"
188,4,38,,"2023-03-24 08:22:05","2023-03-24 08:22:05"
189,4,39,,"2023-03-24 08:22:13","2023-03-24 08:22:13"
190,4,40,,"2023-03-24 08:22:21","2023-03-24 08:22:21"
191,4,41,,"2023-03-24 08:22:30","2023-03-24 08:22:30"
192,4,42,,"2023-03-24 08:22:51","2023-03-24 08:22:51"
193,4,43,,"2023-03-24 08:23:01","2023-03-24 08:23:01"
194,4,44,4,"2023-03-24 08:23:08","2023-03-24 08:23:08"
195,4,45,4,"2023-03-24 08:23:16","2023-03-24 08:23:16"
196,4,46,,"2023-03-24 08:23:22","2023-03-24 08:23:22"
197,4,47,,"2023-03-24 08:23:29","2023-03-24 08:23:29"
198,4,48,,"2023-03-24 08:24:09","2023-03-24 08:24:09"
199,4,49,,"2023-03-24 08:24:17","2023-03-24 08:24:17"
200,4,50,5,"2023-03-24 08:24:25","2023-03-24 08:24:25"
201,5,1,,"2023-03-24 08:26:18","2023-03-24 08:26:18"
202,5,2,,"2023-03-24 08:26:27","2023-03-24 08:26:27"
203,5,3,,"2023-03-24 08:26:51","2023-03-24 08:26:51"
204,5,4,,"2023-03-24 08:27:01","2023-03-24 08:27:01"
205,5,5,,"2023-03-24 08:30:07","2023-03-24 08:30:07"
206,5,6,,"2023-03-24 08:30:26","2023-03-24 08:30:26"
207,5,7,,"2023-03-24 08:30:46","2023-03-24 08:30:46"
208,5,8,2,"2023-03-24 08:30:52","2023-03-24 08:30:52"
209,5,9,,"2023-03-24 08:31:11","2023-03-24 08:31:11"
210,5,10,,"2023-03-24 08:31:19","2023-03-24 08:31:19"
211,5,11,,"2023-03-24 08:31:31","2023-03-24 08:31:31"
212,5,12,5,"2023-03-24 08:31:45","2023-03-24 08:31:45"
213,5,13,,"2023-03-24 08:37:20","2023-03-24 08:37:20"
214,5,14,,"2023-03-24 08:37:30","2023-03-24 08:37:30"
215,5,15,,"2023-03-24 08:37:45","2023-03-24 08:37:45"
216,5,16,,"2023-03-24 08:38:36","2023-03-24 08:38:36"
217,5,17,2,"2023-03-24 08:38:56","2023-03-24 08:38:56"
218,5,18,,"2023-03-24 08:39:27","2023-03-24 08:39:27"
219,5,19,2,"2023-03-24 08:39:33","2023-03-24 08:39:33"
220,5,20,,"2023-03-24 08:39:44","2023-03-24 08:39:44"
221,5,21,,"2023-03-24 08:39:58","2023-03-24 08:39:58"
222,5,22,,"2023-03-24 08:40:11","2023-03-24 08:40:11"
223,5,23,,"2023-03-24 08:40:45","2023-03-24 08:40:45"
224,5,24,,"2023-03-24 08:40:54","2023-03-24 08:40:54"
225,5,25,,"2023-03-24 08:41:09","2023-03-24 08:41:09"
226,5,26,2,"2023-03-24 08:41:53","2023-03-24 08:41:53"
227,5,27,,"2023-03-24 08:42:08","2023-03-24 08:42:08"
228,5,28,5,"2023-03-24 08:42:16","2023-03-24 08:42:16"
229,5,29,,"2023-03-24 08:46:00","2023-03-24 08:46:00"
230,5,30,3,"2023-03-24 08:46:24","2023-03-24 08:46:24"
231,5,31,,"2023-03-24 08:46:31","2023-03-24 08:46:31"
232,5,32,,"2023-03-24 08:46:40","2023-03-24 08:46:40"
233,5,33,,"2023-03-24 08:47:01","2023-03-24 08:47:01"
234,5,34,,"2023-03-24 08:47:13","2023-03-24 08:47:13"
235,5,35,2,"2023-03-24 08:47:24","2023-03-24 08:47:24"
236,5,36,,"2023-03-24 08:47:43","2023-03-24 08:47:43"
237,5,37,1,"2023-03-24 08:47:51","2023-03-24 08:47:51"
238,5,38,5,"2023-03-24 08:48:04","2023-03-24 08:48:04"
239,5,39,,"2023-03-24 08:48:46","2023-03-24 08:48:46"
240,5,40,2,"2023-03-24 08:48:55","2023-03-24 08:48:55"
241,5,41,,"2023-03-24 08:49:19","2023-03-24 08:49:19"
242,5,42,,"2023-03-24 08:49:32","2023-03-24 08:49:32"
243,5,43,,"2023-03-24 08:49:51","2023-03-24 08:49:51"
244,5,44,5,"2023-03-24 08:50:09","2023-03-24 08:50:09"
245,5,45,3,"2023-03-24 08:50:22","2023-03-24 08:50:22"
246,5,46,,"2023-03-24 08:50:33","2023-03-24 08:50:33"
247,5,47,,"2023-03-24 08:51:08","2023-03-24 08:51:08"
248,5,48,,"2023-03-24 08:51:16","2023-03-24 08:51:16"
249,5,49,,"2023-03-24 08:51:27","2023-03-24 08:51:27"
250,5,50,4,"2023-03-24 08:51:39","2023-03-24 08:51:39"
251,6,1,5,"2023-03-24 09:14:20","2023-03-24 09:14:20"
252,6,2,5,"2023-03-24 09:14:28","2023-03-24 09:14:28"
253,6,3,5,"2023-03-24 09:14:39","2023-03-24 09:14:39"
254,6,4,,"2023-03-24 09:15:01","2023-03-24 09:15:01"
255,6,5,,"2023-03-24 09:15:07","2023-03-24 09:15:07"
256,6,6,,"2023-03-24 09:15:14","2023-03-24 09:15:14"
257,6,7,,"2023-03-24 09:15:48","2023-03-24 09:15:48"
258,6,8,2,"2023-03-24 09:16:00","2023-03-24 09:16:00"
259,6,9,,"2023-03-24 09:16:06","2023-03-24 09:16:06"
260,6,10,4,"2023-03-24 09:16:14","2023-03-24 09:16:14"
261,6,11,3,"2023-03-24 09:16:21","2023-03-24 09:16:21"
262,6,12,5,"2023-03-24 09:16:30","2023-03-24 09:16:30"
263,6,13,4,"2023-03-24 09:16:39","2023-03-24 09:16:39"
264,6,14,3,"2023-03-24 09:16:51","2023-03-24 09:16:51"
265,6,15,,"2023-03-24 09:17:13","2023-03-24 09:17:13"
266,6,16,,"2023-03-24 09:17:29","2023-03-24 09:17:29"
267,6,17,,"2023-03-24 09:17:39","2023-03-24 09:17:39"
268,6,18,3,"2023-03-24 09:17:45","2023-03-24 09:17:45"
269,6,19,4,"2023-03-24 09:17:55","2023-03-24 09:17:55"
270,6,20,,"2023-03-24 09:18:01","2023-03-24 09:18:01"
271,6,21,3,"2023-03-24 09:24:06","2023-03-24 09:24:06"
272,6,22,3,"2023-03-24 09:24:18","2023-03-24 09:24:18"
273,6,23,3,"2023-03-24 09:24:26","2023-03-24 09:24:26"
274,6,24,,"2023-03-24 09:24:39","2023-03-24 09:24:39"
275,6,25,,"2023-03-24 09:24:48","2023-03-24 09:24:48"
276,6,26,,"2023-03-24 09:24:55","2023-03-24 09:24:55"
277,6,27,4,"2023-03-24 09:25:02","2023-03-24 09:25:02"
278,6,28,5,"2023-03-24 09:25:08","2023-03-24 09:25:08"
279,6,29,,"2023-03-24 09:25:26","2023-03-24 09:25:26"
280,6,30,1,"2023-03-24 09:25:32","2023-03-24 09:25:32"
281,6,31,,"2023-03-24 09:25:44","2023-03-24 09:25:44"
282,6,32,,"2023-03-24 09:25:52","2023-03-24 09:25:52"
283,6,33,,"2023-03-24 09:25:59","2023-03-24 09:25:59"
284,6,34,3,"2023-03-24 09:26:14","2023-03-24 09:26:14"
285,6,35,4,"2023-03-24 09:26:24","2023-03-24 09:26:24"
286,6,36,,"2023-03-24 09:26:32","2023-03-24 09:26:32"
287,6,37,2,"2023-03-24 09:26:39","2023-03-24 09:26:39"
288,6,38,4,"2023-03-24 09:26:56","2023-03-24 09:26:56"
289,6,39,,"2023-03-24 09:27:03","2023-03-24 09:27:03"
290,6,40,2,"2023-03-24 09:27:11","2023-03-24 09:27:11"
291,6,41,,"2023-03-24 09:27:21","2023-03-24 09:27:21"
292,6,42,1,"2023-03-24 09:27:37","2023-03-24 09:27:37"
293,6,43,,"2023-03-24 09:27:48","2023-03-24 09:27:48"
294,6,44,4,"2023-03-24 09:27:55","2023-03-24 09:27:55"
295,6,45,2,"2023-03-24 09:28:01","2023-03-24 09:28:01"
296,6,46,,"2023-03-24 09:28:07","2023-03-24 09:28:07"
297,6,47,,"2023-03-24 09:28:14","2023-03-24 09:28:14"
298,6,48,,"2023-03-24 09:28:21","2023-03-24 09:28:21"
299,6,49,,"2023-03-24 09:28:36","2023-03-24 09:28:36"
300,6,50,3,"2023-03-24 09:28:45","2023-03-24 09:28:45"
301,7,1,4,"2023-03-24 09:29:59","2023-03-24 09:29:59"
302,7,2,4,"2023-03-24 09:30:05","2023-03-24 09:30:05"
303,7,3,4,"2023-03-24 09:30:14","2023-03-24 09:30:14"
304,7,4,3,"2023-03-24 09:30:29","2023-03-24 09:30:29"
305,7,5,,"2023-03-24 09:30:42","2023-03-24 09:30:42"
306,7,6,,"2023-03-24 09:30:50","2023-03-24 09:30:50"
307,7,7,4,"2023-03-24 09:31:00","2023-03-24 09:31:00"
308,7,8,,"2023-03-24 09:31:09","2023-03-24 09:31:09"
309,7,9,4,"2023-03-24 09:31:23","2023-03-24 09:31:23"
310,7,10,4,"2023-03-24 09:31:38","2023-03-24 09:31:38"
311,7,11,,"2023-03-24 09:31:49","2023-03-24 09:31:49"
312,7,12,,"2023-03-24 09:32:07","2023-03-24 09:32:07"
313,7,13,,"2023-03-24 09:32:15","2023-03-24 09:32:15"
314,7,14,,"2023-03-24 09:35:23","2023-03-24 09:35:23"
315,7,15,,"2023-03-24 09:36:05","2023-03-24 09:36:05"
316,7,16,3,"2023-03-24 09:36:23","2023-03-24 09:36:23"
317,7,17,4,"2023-03-24 09:36:40","2023-03-24 09:36:40"
318,7,18,,"2023-03-24 09:37:02","2023-03-24 09:37:02"
319,7,19,2,"2023-03-24 09:37:09","2023-03-24 09:37:09"
320,7,20,4,"2023-03-24 09:37:26","2023-03-24 09:37:26"
321,7,21,3,"2023-03-24 09:37:38","2023-03-24 09:37:38"
322,7,22,2,"2023-03-24 09:38:05","2023-03-24 09:38:05"
323,7,23,,"2023-03-24 09:38:16","2023-03-24 09:38:16"
324,7,24,,"2023-03-24 09:38:37","2023-03-24 09:38:37"
325,7,25,3,"2023-03-24 09:38:48","2023-03-24 09:38:48"
326,7,26,,"2023-03-24 09:38:56","2023-03-24 09:38:56"
327,7,27,5,"2023-03-24 09:39:08","2023-03-24 09:39:08"
328,7,28,4,"2023-03-24 09:39:24","2023-03-24 09:39:24"
329,7,29,,"2023-03-24 09:39:44","2023-03-24 09:39:44"
330,7,30,,"2023-03-24 09:39:52","2023-03-24 09:39:52"
331,7,31,,"2023-03-24 09:40:12","2023-03-24 09:40:12"
332,7,32,3,"2023-03-24 09:40:24","2023-03-24 09:40:24"
333,7,33,,"2023-03-24 09:40:36","2023-03-24 09:40:36"
334,7,34,,"2023-03-24 09:40:49","2023-03-24 09:40:49"
335,7,35,3,"2023-03-24 09:41:03","2023-03-24 09:41:03"
336,7,36,,"2023-03-24 09:42:50","2023-03-24 09:42:50"
337,7,37,1,"2023-03-24 09:42:59","2023-03-24 09:42:59"
338,7,38,4,"2023-03-24 09:43:14","2023-03-24 09:43:14"
339,7,39,,"2023-03-24 09:43:25","2023-03-24 09:43:25"
340,7,40,,"2023-03-24 09:43:37","2023-03-24 09:43:37"
341,7,41,5,"2023-03-24 09:43:49","2023-03-24 09:43:49"
342,7,42,,"2023-03-24 09:44:00","2023-03-24 09:44:00"
343,7,43,,"2023-03-24 09:44:28","2023-03-24 09:44:28"
344,7,44,4,"2023-03-24 09:44:38","2023-03-24 09:44:38"
345,7,45,4,"2023-03-24 09:44:53","2023-03-24 09:44:53"
346,7,46,,"2023-03-24 09:45:02","2023-03-24 09:45:02"
347,7,47,,"2023-03-24 09:45:13","2023-03-24 09:45:13"
348,7,48,,"2023-03-24 09:45:21","2023-03-24 09:45:21"
349,7,49,,"2023-03-24 09:45:47","2023-03-24 09:45:47"
350,7,50,2,"2023-03-24 09:45:55","2023-03-24 09:45:55"
351,8,1,,"2023-03-24 09:48:08","2023-03-24 09:48:08"
352,8,2,3,"2023-03-24 09:48:16","2023-03-24 09:48:16"
353,8,3,,"2023-03-24 09:48:27","2023-03-24 09:48:27"
354,8,4,,"2023-03-24 09:48:37","2023-03-24 09:48:37"
355,8,5,,"2023-03-24 09:48:45","2023-03-24 09:48:45"
356,8,6,,"2023-03-24 09:54:31","2023-03-24 09:54:31"
357,8,7,,"2023-03-24 09:54:51","2023-03-24 09:54:51"
358,8,8,3,"2023-03-24 09:55:04","2023-03-24 09:55:04"
359,8,9,,"2023-03-24 09:56:01","2023-03-24 09:56:01"
360,8,10,,"2023-03-24 09:56:18","2023-03-24 09:56:18"
361,8,11,5,"2023-03-24 09:56:27","2023-03-24 09:56:27"
362,8,12,5,"2023-03-24 09:56:45","2023-03-24 09:56:45"
363,8,13,3,"2023-03-24 09:57:10","2023-03-24 09:57:10"
364,8,14,,"2023-03-24 09:57:19","2023-03-24 09:57:19"
365,8,15,,"2023-03-24 09:57:32","2023-03-24 09:57:32"
366,8,16,,"2023-03-24 09:57:42","2023-03-24 09:57:42"
367,8,17,3,"2023-03-24 09:57:54","2023-03-24 09:57:54"
368,8,18,2,"2023-03-24 09:58:06","2023-03-24 09:58:06"
369,8,19,,"2023-03-24 09:58:16","2023-03-24 09:58:16"
370,8,20,,"2023-03-24 09:58:24","2023-03-24 09:58:24"
371,8,21,,"2023-03-24 09:58:43","2023-03-24 09:58:43"
372,8,22,3,"2023-03-24 09:59:06","2023-03-24 09:59:06"
373,8,23,,"2023-03-24 09:59:14","2023-03-24 09:59:14"
374,8,24,3,"2023-03-24 09:59:44","2023-03-24 09:59:44"
375,8,25,,"2023-03-24 09:59:51","2023-03-24 09:59:51"
376,8,26,3,"2023-03-24 09:59:59","2023-03-24 09:59:59"
377,8,27,,"2023-03-24 10:00:11","2023-03-24 10:00:11"
378,8,28,5,"2023-03-24 10:00:20","2023-03-24 10:00:20"
379,8,29,,"2023-03-24 10:00:42","2023-03-24 10:00:42"
380,8,30,1,"2023-03-24 10:00:50","2023-03-24 10:00:50"
381,8,31,,"2023-03-24 10:00:59","2023-03-24 10:00:59"
382,8,32,,"2023-03-24 10:01:13","2023-03-24 10:01:13"
383,8,33,,"2023-03-24 10:01:24","2023-03-24 10:01:24"
384,8,34,,"2023-03-24 10:01:57","2023-03-24 10:01:57"
385,8,35,5,"2023-03-24 10:02:06","2023-03-24 10:02:06"
386,8,36,,"2023-03-24 10:02:18","2023-03-24 10:02:18"
387,8,37,,"2023-03-24 10:02:29","2023-03-24 10:02:29"
388,8,38,5,"2023-03-24 10:02:40","2023-03-24 10:02:40"
389,8,39,,"2023-03-24 10:03:01","2023-03-24 10:03:01"
390,8,40,,"2023-03-24 10:03:15","2023-03-24 10:03:15"
391,8,41,,"2023-03-24 10:03:26","2023-03-24 10:03:26"
392,8,42,,"2023-03-24 10:03:42","2023-03-24 10:03:42"
393,8,43,,"2023-03-24 10:03:51","2023-03-24 10:03:51"
394,8,44,,"2023-03-24 10:04:07","2023-03-24 10:04:07"
395,8,45,2,"2023-03-24 10:04:16","2023-03-24 10:04:16"
396,8,46,,"2023-03-24 10:04:55","2023-03-24 10:04:55"
397,8,47,,"2023-03-24 10:05:10","2023-03-24 10:05:10"
398,8,48,,"2023-03-24 10:05:19","2023-03-24 10:05:19"
399,8,49,,"2023-03-24 10:05:27","2023-03-24 10:05:27"
400,8,50,2,"2023-03-24 10:05:39","2023-03-24 10:05:39"
401,9,1,,"2023-03-24 10:06:59","2023-03-24 10:06:59"
402,9,2,1,"2023-03-24 10:07:07","2023-03-24 10:07:07"
403,9,3,,"2023-03-24 10:07:19","2023-03-24 10:07:19"
404,9,4,,"2023-03-24 10:07:38","2023-03-24 10:07:38"
405,9,5,,"2023-03-24 10:08:19","2023-03-24 10:08:19"
406,9,6,,"2023-03-24 10:08:28","2023-03-24 10:08:28"
407,9,7,,"2023-03-24 10:08:36","2023-03-24 10:08:36"
408,9,8,,"2023-03-24 10:08:45","2023-03-24 10:08:45"
409,9,9,,"2023-03-24 10:09:00","2023-03-24 10:09:00"
410,9,10,5,"2023-03-24 10:09:09","2023-03-24 10:09:09"
411,9,11,,"2023-03-24 10:09:19","2023-03-24 10:09:19"
412,9,12,4,"2023-03-24 10:09:33","2023-03-24 10:09:33"
413,9,13,,"2023-03-24 10:09:42","2023-03-24 10:09:42"
414,9,14,,"2023-03-24 10:09:54","2023-03-24 10:09:54"
415,9,15,,"2023-03-24 10:10:04","2023-03-24 10:10:04"
416,9,16,,"2023-03-24 10:10:17","2023-03-24 10:10:17"
417,9,17,4,"2023-03-24 10:10:26","2023-03-24 10:10:26"
418,9,18,3,"2023-03-24 10:10:40","2023-03-24 10:10:40"
419,9,19,,"2023-03-24 10:11:01","2023-03-24 10:11:01"
420,9,20,,"2023-03-24 10:11:10","2023-03-24 10:11:10"
421,9,21,,"2023-03-24 10:11:18","2023-03-24 10:11:18"
422,9,22,,"2023-03-24 10:11:26","2023-03-24 10:11:26"
423,9,23,,"2023-03-24 10:12:05","2023-03-24 10:12:05"
424,9,24,,"2023-03-24 10:12:36","2023-03-24 10:12:36"
425,9,25,,"2023-03-24 10:12:46","2023-03-24 10:12:46"
426,9,26,,"2023-03-24 10:13:46","2023-03-24 10:13:46"
427,9,27,,"2023-03-24 10:14:08","2023-03-24 10:14:08"
428,9,28,5,"2023-03-24 10:14:17","2023-03-24 10:14:17"
429,9,29,,"2023-03-24 10:14:25","2023-03-24 10:14:25"
430,9,30,,"2023-03-24 10:14:35","2023-03-24 10:14:35"
431,9,31,,"2023-03-24 10:14:45","2023-03-24 10:14:45"
432,9,32,,"2023-03-24 10:14:54","2023-03-24 10:14:54"
433,9,33,,"2023-03-24 10:15:05","2023-03-24 10:15:05"
434,9,34,,"2023-03-24 10:15:47","2023-03-24 10:15:47"
435,9,35,,"2023-03-24 10:16:02","2023-03-24 10:16:02"
436,9,36,,"2023-03-24 10:16:14","2023-03-24 10:16:14"
437,9,37,,"2023-03-24 10:16:22","2023-03-24 10:16:22"
438,9,38,5,"2023-03-24 10:16:41","2023-03-24 10:16:41"
439,9,39,,"2023-03-24 10:18:01","2023-03-24 10:18:01"
440,9,40,,"2023-03-24 10:18:10","2023-03-24 10:18:10"
441,9,41,,"2023-03-24 10:18:20","2023-03-24 10:18:20"
442,9,42,,"2023-03-24 10:18:28","2023-03-24 10:18:28"
443,9,43,,"2023-03-24 10:18:37","2023-03-24 10:18:37"
444,9,44,5,"2023-03-24 10:18:58","2023-03-24 10:18:58"
445,9,45,,"2023-03-24 10:19:06","2023-03-24 10:19:06"
446,9,46,,"2023-03-24 10:19:15","2023-03-24 10:19:15"
447,9,47,,"2023-03-24 10:19:23","2023-03-24 10:19:23"
448,9,48,,"2023-03-24 10:19:31","2023-03-24 10:19:31"
449,9,49,,"2023-03-24 10:19:42","2023-03-24 10:19:42"
450,9,50,,"2023-03-24 10:20:51","2023-03-24 10:20:51"
451,10,1,2,"2023-03-24 10:21:47","2023-03-24 10:21:47"
452,10,2,2,"2023-03-24 10:21:56","2023-03-24 10:21:56"
453,10,3,3,"2023-03-24 10:22:03","2023-03-24 10:22:03"
454,10,4,2,"2023-03-24 10:22:12","2023-03-24 10:22:12"
455,10,5,,"2023-03-24 10:22:27","2023-03-24 10:22:27"
456,10,6,,"2023-03-24 10:22:36","2023-03-24 10:22:36"
457,10,7,,"2023-03-24 10:22:56","2023-03-24 10:22:56"
458,10,8,,"2023-03-24 10:23:21","2023-03-24 10:23:21"
459,10,9,1,"2023-03-24 10:23:36","2023-03-24 10:23:36"
460,10,10,3,"2023-03-24 10:23:49","2023-03-24 10:23:49"
461,10,11,2,"2023-03-24 10:24:01","2023-03-24 10:24:01"
462,10,12,3,"2023-03-24 10:24:14","2023-03-24 10:24:14"
463,10,13,1,"2023-03-24 10:24:26","2023-03-24 10:24:26"
464,10,14,,"2023-03-24 10:24:38","2023-03-24 10:24:38"
465,10,15,,"2023-03-24 10:24:58","2023-03-24 10:24:58"
466,10,16,1,"2023-03-24 10:25:17","2023-03-24 10:25:17"
467,10,17,3,"2023-03-24 10:25:32","2023-03-24 10:25:32"
468,10,18,2,"2023-03-24 10:25:43","2023-03-24 10:25:43"
469,10,19,,"2023-03-24 10:25:53","2023-03-24 10:25:53"
470,10,20,,"2023-03-24 10:26:05","2023-03-24 10:26:05"
471,10,21,1,"2023-03-24 10:26:20","2023-03-24 10:26:20"
472,10,22,,"2023-03-24 10:26:35","2023-03-24 10:26:35"
473,10,23,1,"2023-03-24 10:26:52","2023-03-24 10:26:52"
474,10,24,1,"2023-03-24 10:27:22","2023-03-24 10:27:22"
475,10,25,4,"2023-03-24 10:27:41","2023-03-24 10:27:41"
476,10,26,,"2023-03-24 10:27:50","2023-03-24 10:27:50"
477,10,27,,"2023-03-24 10:28:05","2023-03-24 10:28:05"
478,10,28,4,"2023-03-24 10:28:14","2023-03-24 10:28:14"
479,10,29,,"2023-03-24 10:28:29","2023-03-24 10:28:29"
480,10,30,,"2023-03-24 10:28:38","2023-03-24 10:28:38"
481,10,31,,"2023-03-24 10:28:58","2023-03-24 10:28:58"
482,10,32,,"2023-03-24 10:29:07","2023-03-24 10:29:07"
483,10,33,,"2023-03-24 10:29:16","2023-03-24 10:29:16"
484,10,34,2,"2023-03-24 10:29:48","2023-03-24 10:29:48"
485,10,35,2,"2023-03-24 10:29:58","2023-03-24 10:29:58"
486,10,36,,"2023-03-24 10:30:14","2023-03-24 10:30:14"
487,10,37,2,"2023-03-24 10:30:25","2023-03-24 10:30:25"
488,10,38,4,"2023-03-24 10:30:43","2023-03-24 10:30:43"
489,10,39,,"2023-03-24 10:32:34","2023-03-24 10:32:34"
490,10,40,,"2023-03-24 10:32:46","2023-03-24 10:32:46"
491,10,41,,"2023-03-24 10:32:57","2023-03-24 10:32:57"
492,10,42,2,"2023-03-24 10:33:09","2023-03-24 10:33:09"
493,10,43,,"2023-03-24 10:33:27","2023-03-24 10:33:27"
494,10,44,3,"2023-03-24 10:33:38","2023-03-24 10:33:38"
495,10,45,2,"2023-03-24 10:33:53","2023-03-24 10:33:53"
496,10,46,,"2023-03-24 10:34:06","2023-03-24 10:34:06"
497,10,47,,"2023-03-24 10:34:14","2023-03-24 10:34:14"
498,10,48,,"2023-03-24 10:34:25","2023-03-24 10:34:25"
499,10,49,,"2023-03-24 10:34:44","2023-03-24 10:34:44"
500,10,50,3,"2023-03-24 10:34:54","2023-03-24 10:34:54"
501,11,1,4,"2023-03-24 12:15:09","2023-03-24 12:15:09"
502,11,2,3,"2023-03-24 12:15:51","2023-03-24 12:15:51"
503,11,3,3,"2023-03-24 12:16:34","2023-03-24 12:16:34"
504,11,4,3,"2023-03-24 12:17:00","2023-03-24 12:17:00"
505,11,5,,"2023-03-24 12:17:27","2023-03-24 12:17:27"
506,11,6,,"2023-03-24 12:17:41","2023-03-24 12:17:41"
507,11,7,3,"2023-03-24 12:17:57","2023-03-24 12:17:57"
508,11,8,3,"2023-03-24 12:18:08","2023-03-24 12:18:08"
509,11,9,4,"2023-03-24 12:18:22","2023-03-24 12:18:22"
510,11,10,4,"2023-03-24 12:18:39","2023-03-24 12:18:39"
511,11,11,3,"2023-03-24 12:18:51","2023-03-24 12:18:51"
512,11,12,4,"2023-03-24 12:19:17","2023-03-24 12:19:17"
513,11,13,3,"2023-03-24 12:19:30","2023-03-24 12:19:30"
514,11,14,3,"2023-03-24 12:19:39","2023-03-24 12:19:39"
515,11,15,,"2023-03-24 12:19:47","2023-03-24 12:19:47"
516,11,16,3,"2023-03-24 12:20:03","2023-03-24 12:20:03"
517,11,17,4,"2023-03-24 12:20:14","2023-03-24 12:20:14"
518,11,18,3,"2023-03-24 12:20:23","2023-03-24 12:20:23"
519,11,19,,"2023-03-24 12:20:34","2023-03-24 12:20:34"
520,11,20,5,"2023-03-24 12:20:44","2023-03-24 12:20:44"
521,11,21,,"2023-03-24 12:21:15","2023-03-24 12:21:15"
522,11,22,,"2023-03-24 12:21:22","2023-03-24 12:21:22"
523,11,23,3,"2023-03-24 12:21:33","2023-03-24 12:21:33"
524,11,24,,"2023-03-24 12:21:58","2023-03-24 12:21:58"
525,11,25,3,"2023-03-24 12:22:08","2023-03-24 12:22:08"
526,11,26,,"2023-03-24 12:22:24","2023-03-24 12:22:24"
527,11,27,,"2023-03-24 12:22:33","2023-03-24 12:22:33"
528,11,28,5,"2023-03-24 12:22:45","2023-03-24 12:22:45"
529,11,29,,"2023-03-24 12:22:52","2023-03-24 12:22:52"
530,11,30,,"2023-03-24 12:23:00","2023-03-24 12:23:00"
531,11,31,4,"2023-03-24 12:23:55","2023-03-24 12:23:55"
532,11,32,4,"2023-03-24 12:24:08","2023-03-24 12:24:08"
533,11,33,4,"2023-03-24 12:24:15","2023-03-24 12:24:15"
534,11,34,4,"2023-03-24 12:24:26","2023-03-24 12:24:26"
535,11,35,3,"2023-03-24 12:24:38","2023-03-24 12:24:38"
536,11,36,4,"2023-03-24 12:24:51","2023-03-24 12:24:51"
537,11,37,,"2023-03-24 12:24:57","2023-03-24 12:24:57"
538,11,38,5,"2023-03-24 12:25:12","2023-03-24 12:25:12"
539,11,39,,"2023-03-24 12:25:18","2023-03-24 12:25:18"
540,11,40,4,"2023-03-24 12:25:32","2023-03-24 12:25:32"
541,11,41,3,"2023-03-24 12:26:06","2023-03-24 12:26:06"
542,11,42,3,"2023-03-24 12:26:14","2023-03-24 12:26:14"
543,11,43,,"2023-03-24 12:26:22","2023-03-24 12:26:22"
544,11,44,4,"2023-03-24 12:26:39","2023-03-24 12:26:39"
545,11,45,3,"2023-03-24 12:26:45","2023-03-24 12:26:45"
546,11,46,3,"2023-03-24 12:26:57","2023-03-24 12:26:57"
547,11,47,,"2023-03-24 12:27:05","2023-03-24 12:27:05"
548,11,48,,"2023-03-24 12:27:16","2023-03-24 12:27:16"
549,11,49,,"2023-03-24 12:27:27","2023-03-24 12:27:27"
550,11,50,3,"2023-03-24 12:27:39","2023-03-24 12:27:39"
551,12,1,,"2023-03-24 12:28:39","2023-03-24 12:28:39"
552,12,2,5,"2023-03-24 12:28:47","2023-03-24 12:28:47"
553,12,3,5,"2023-03-24 12:28:57","2023-03-24 12:28:57"
554,12,4,5,"2023-03-24 12:29:07","2023-03-24 12:29:07"
555,12,5,,"2023-03-24 12:29:25","2023-03-24 12:29:25"
556,12,6,,"2023-03-24 12:29:34","2023-03-24 12:29:34"
557,12,7,,"2023-03-24 12:29:40","2023-03-24 12:29:40"
558,12,8,,"2023-03-24 12:32:21","2023-03-24 12:32:21"
559,12,9,,"2023-03-24 12:32:45","2023-03-24 12:32:45"
560,12,10,5,"2023-03-24 12:32:57","2023-03-24 12:32:57"
561,12,11,3,"2023-03-24 12:33:14","2023-03-24 12:33:14"
562,12,12,4,"2023-03-24 12:33:23","2023-03-24 12:33:23"
563,12,13,,"2023-03-24 12:33:32","2023-03-24 12:33:32"
564,12,14,3,"2023-03-24 12:33:43","2023-03-24 12:33:43"
565,12,15,3,"2023-03-24 12:33:56","2023-03-24 12:33:56"
566,12,16,3,"2023-03-24 12:34:10","2023-03-24 12:34:10"
567,12,17,5,"2023-03-24 12:34:18","2023-03-24 12:34:18"
568,12,18,4,"2023-03-24 12:34:28","2023-03-24 12:34:28"
569,12,19,,"2023-03-24 12:34:38","2023-03-24 12:34:38"
570,12,20,,"2023-03-24 12:34:51","2023-03-24 12:34:51"
571,12,21,3,"2023-03-24 12:35:23","2023-03-24 12:35:23"
572,12,22,3,"2023-03-24 12:35:30","2023-03-24 12:35:30"
573,12,23,,"2023-03-24 12:35:41","2023-03-24 12:35:41"
574,12,24,,"2023-03-24 12:36:05","2023-03-24 12:36:05"
575,12,25,,"2023-03-24 12:36:15","2023-03-24 12:36:15"
576,12,26,3,"2023-03-24 12:36:27","2023-03-24 12:36:27"
577,12,27,4,"2023-03-24 12:36:46","2023-03-24 12:36:46"
578,12,28,5,"2023-03-24 12:36:54","2023-03-24 12:36:54"
579,12,29,,"2023-03-24 12:37:01","2023-03-24 12:37:01"
580,12,30,2,"2023-03-24 12:37:09","2023-03-24 12:37:09"
581,12,31,,"2023-03-24 12:37:33","2023-03-24 12:37:33"
582,12,32,4,"2023-03-24 12:37:43","2023-03-24 12:37:43"
583,12,33,,"2023-03-24 12:37:50","2023-03-24 12:37:50"
584,12,34,3,"2023-03-24 12:38:23","2023-03-24 12:38:23"
585,12,35,3,"2023-03-24 12:38:32","2023-03-24 12:38:32"
586,12,36,,"2023-03-24 12:38:46","2023-03-24 12:38:46"
587,12,37,3,"2023-03-24 12:38:55","2023-03-24 12:38:55"
588,12,38,5,"2023-03-24 12:39:03","2023-03-24 12:39:03"
589,12,39,,"2023-03-24 12:39:10","2023-03-24 12:39:10"
590,12,40,,"2023-03-24 12:39:21","2023-03-24 12:39:21"
591,12,41,3,"2023-03-24 12:39:33","2023-03-24 12:39:33"
592,12,42,3,"2023-03-24 12:39:42","2023-03-24 12:39:42"
593,12,43,,"2023-03-24 12:39:55","2023-03-24 12:39:55"
594,12,44,5,"2023-03-24 12:40:25","2023-03-24 12:40:25"
595,12,45,4,"2023-03-24 12:40:35","2023-03-24 12:40:35"
596,12,46,,"2023-03-24 12:40:36","2023-03-24 12:40:36"
597,12,47,4,"2023-03-24 12:41:11","2023-03-24 12:41:11"
598,12,48,,"2023-03-24 12:41:26","2023-03-24 12:41:26"
599,12,49,,"2023-03-24 12:41:33","2023-03-24 12:41:33"
600,12,50,4,"2023-03-24 12:41:44","2023-03-24 12:41:44"
601,13,1,,NULL,NULL
602,13,2,3,"2023-03-24 12:45:59","2023-03-24 12:45:59"
603,13,3,,"2023-03-24 12:46:44","2023-03-24 12:46:44"
604,13,4,,"2023-03-24 12:46:49","2023-03-24 12:46:49"
605,13,5,3,"2023-03-24 12:46:55","2023-03-24 12:46:55"
606,13,6,,"2023-03-24 12:53:35","2023-03-24 12:53:35"
607,13,7,,"2023-03-24 12:53:48","2023-03-24 12:53:48"
608,13,8,5,"2023-03-24 12:53:54","2023-03-24 12:53:54"
609,13,9,1,"2023-03-24 12:54:02","2023-03-24 12:54:02"
610,13,10,,"2023-03-24 12:54:10","2023-03-24 12:54:10"
611,13,11,4,"2023-03-24 12:54:18","2023-03-24 12:54:18"
612,13,12,4,"2023-03-24 12:54:39","2023-03-24 12:54:39"
613,13,13,,"2023-03-24 12:55:15","2023-03-24 12:55:15"
614,13,14,3,"2023-03-24 12:55:25","2023-03-24 12:55:25"
615,13,15,2,"2023-03-24 12:55:31","2023-03-24 12:55:31"
616,13,16,,"2023-03-24 12:55:39","2023-03-24 12:55:39"
617,13,17,,"2023-03-24 12:55:49","2023-03-24 12:55:49"
618,13,18,3,"2023-03-24 12:56:18","2023-03-24 12:56:18"
619,13,19,,"2023-03-24 12:56:35","2023-03-24 12:56:35"
620,13,20,,"2023-03-24 12:56:42","2023-03-24 12:56:42"
621,13,21,3,"2023-03-24 12:56:53","2023-03-24 12:56:53"
622,13,22,3,"2023-03-24 12:57:02","2023-03-24 12:57:02"
623,13,23,4,"2023-03-24 12:57:11","2023-03-24 12:57:11"
624,13,24,,"2023-03-24 12:57:17","2023-03-24 12:57:17"
625,13,25,,"2023-03-24 12:57:45","2023-03-24 12:57:45"
626,13,26,5,"2023-03-24 12:57:59","2023-03-24 12:57:59"
627,13,27,,"2023-03-24 12:58:07","2023-03-24 12:58:07"
628,13,28,4,"2023-03-24 12:58:15","2023-03-24 12:58:15"
629,13,29,3,"2023-03-24 12:58:21","2023-03-24 12:58:21"
630,13,30,2,"2023-03-24 12:58:27","2023-03-24 12:58:27"
631,13,31,,"2023-03-24 12:58:37","2023-03-24 12:58:37"
632,13,32,,"2023-03-24 12:58:51","2023-03-24 12:58:51"
633,13,33,,"2023-03-24 12:58:59","2023-03-24 12:58:59"
634,13,34,3,"2023-03-24 12:59:16","2023-03-24 12:59:16"
635,13,35,4,"2023-03-24 12:59:24","2023-03-24 12:59:24"
636,13,36,,"2023-03-24 12:59:30","2023-03-24 12:59:30"
637,13,37,2,"2023-03-24 12:59:36","2023-03-24 12:59:36"
638,13,38,,"2023-03-24 12:59:48","2023-03-24 12:59:48"
639,13,39,,"2023-03-24 12:59:54","2023-03-24 12:59:54"
640,13,40,,"2023-03-24 13:00:34","2023-03-24 13:00:34"
641,13,41,,"2023-03-24 13:00:41","2023-03-24 13:00:41"
642,13,42,,"2023-03-24 13:00:49","2023-03-24 13:00:49"
643,13,43,,"2023-03-24 13:00:57","2023-03-24 13:00:57"
644,13,44,3,"2023-03-24 13:01:05","2023-03-24 13:01:05"
645,13,45,4,"2023-03-24 13:01:12","2023-03-24 13:01:12"
646,13,46,,"2023-03-24 13:01:18","2023-03-24 13:01:18"
647,13,47,,"2023-03-24 13:02:43","2023-03-24 13:02:43"
648,13,48,,"2023-03-24 13:02:51","2023-03-24 13:02:51"
649,13,49,,"2023-03-24 13:02:57","2023-03-24 13:02:57"
650,13,50,3,"2023-03-24 13:03:03","2023-03-24 13:03:03"
651,14,1,4,"2023-05-12 15:28:20","2023-05-12 15:28:20"
652,14,2,5,"2023-05-12 15:28:37","2023-05-12 15:28:37"
653,14,3,3,"2023-05-12 15:28:50","2023-05-12 15:28:50"
654,14,4,5,"2023-05-12 15:29:04","2023-05-12 15:29:04"
655,14,5,2,"2023-05-12 15:29:22","2023-05-12 15:29:22"
656,14,6,,"2023-05-12 15:29:49","2023-05-12 15:29:49"
657,14,7,5,"2023-05-12 15:30:03","2023-05-12 15:30:03"
658,14,8,5,"2023-05-12 15:30:18","2023-05-12 15:30:18"
659,14,9,3,"2023-05-12 15:30:43","2023-05-12 15:30:43"
660,14,10,1,"2023-05-12 15:30:57","2023-05-12 15:30:57"
661,14,11,5,"2023-05-12 15:31:13","2023-05-12 15:31:13"
663,14,12,5,"2023-05-12 15:31:39","2023-05-12 15:31:39"
664,14,13,3,"2023-05-12 15:31:56","2023-05-12 15:31:56"
665,14,14,5,"2023-05-12 15:32:18","2023-05-12 15:32:18"
666,14,15,2,"2023-05-12 15:32:47","2023-05-12 15:32:47"
667,14,16,5,"2023-05-12 15:33:06","2023-05-12 15:33:06"
668,14,17,4,"2023-05-12 15:33:30","2023-05-12 15:33:30"
669,14,18,4,"2023-05-12 15:33:50","2023-05-12 15:33:50"
670,14,19,5,"2023-05-12 15:34:27","2023-05-12 15:34:27"
671,14,20,1,"2023-05-12 15:35:07","2023-05-12 15:35:07"
672,14,21,5,"2023-05-12 15:35:31","2023-05-12 15:35:31"
673,14,22,5,"2023-05-12 15:35:54","2023-05-12 15:35:54"
674,14,23,,"2023-05-12 15:36:13","2023-05-12 15:36:13"
675,14,24,1,"2023-05-12 15:38:01","2023-05-12 15:38:01"
676,14,25,3,"2023-05-12 15:38:19","2023-05-12 15:38:19"
677,14,26,5,"2023-05-12 15:38:47","2023-05-12 15:38:47"
678,14,27,3,"2023-05-12 15:39:14","2023-05-12 15:39:14"
679,14,28,5,"2023-05-12 15:39:33","2023-05-12 15:39:33"
680,14,29,,"2023-05-12 15:40:26","2023-05-12 15:40:26"
681,14,30,4,"2023-05-12 15:40:46","2023-05-12 15:40:46"
682,14,31,1,"2023-05-12 15:41:19","2023-05-12 15:41:19"
683,14,32,1,"2023-05-12 15:41:48","2023-05-12 15:41:48"
684,14,33,1,"2023-05-12 15:42:16","2023-05-12 15:42:16"
685,14,34,5,"2023-05-12 15:42:33","2023-05-12 15:42:33"
686,14,35,3,"2023-05-12 15:43:00","2023-05-12 15:43:00"
687,14,36,2,"2023-05-12 15:43:23","2023-05-12 15:43:23"
688,14,37,5,"2023-05-12 15:43:46","2023-05-12 15:43:46"
689,14,38,5,"2023-05-12 15:44:13","2023-05-12 15:44:13"
690,14,39,3,"2023-05-12 15:44:41","2023-05-12 15:44:41"
691,14,40,4,"2023-05-12 15:44:59","2023-05-12 15:44:59"
692,14,41,3,"2023-05-12 15:45:28","2023-05-12 15:45:28"
693,14,42,1,"2023-05-12 15:45:55","2023-05-12 15:45:55"
694,14,43,1,"2023-05-12 15:46:13","2023-05-12 15:46:13"
695,14,44,4,"2023-05-12 15:46:33","2023-05-12 15:46:33"
696,14,45,5,"2023-05-12 15:46:57","2023-05-12 15:46:57"
697,14,46,4,"2023-05-12 15:47:21","2023-05-12 15:47:21"
698,14,47,2,"2023-05-12 15:47:45","2023-05-12 15:47:45"
699,14,48,1,"2023-05-12 15:48:11","2023-05-12 15:48:11"
700,14,49,1,"2023-05-12 15:48:29","2023-05-12 15:48:29"
701,14,50,5,"2023-05-12 15:48:48","2023-05-12 15:48:48"
702,15,1,4,"2023-05-29 15:23:21","2023-05-29 15:23:21"
703,15,2,4,"2023-05-29 15:23:46","2023-05-29 15:23:46"
704,15,3,,"2023-05-29 15:24:01","2023-05-29 15:24:01"
705,15,4,,"2023-05-29 15:24:28","2023-05-29 15:24:28"
706,15,5,,"2023-05-29 15:24:50","2023-05-29 15:24:50"
707,15,6,,"2023-05-29 15:25:04","2023-05-29 15:25:04"
708,15,7,,"2023-05-29 15:25:19","2023-05-29 15:25:19"
709,15,8,3,"2023-05-29 15:25:31","2023-05-29 15:25:31"
710,15,9,,"2023-05-29 15:25:48","2023-05-29 15:25:48"
711,15,10,,"2023-05-29 15:25:58","2023-05-29 15:25:58"
712,15,11,5,"2023-05-29 15:26:10","2023-05-29 15:26:10"
713,15,12,,"2023-05-29 15:26:27","2023-05-29 15:26:27"
714,15,13,,"2023-05-29 15:27:54","2023-05-29 15:27:54"
715,15,14,,"2023-05-29 15:28:36","2023-05-29 15:28:36"
716,15,15,,"2023-05-29 15:28:52","2023-05-29 15:28:52"
717,15,16,,"2023-05-29 15:29:03","2023-05-29 15:29:03"
718,15,17,,"2023-05-29 15:29:13","2023-05-29 15:29:13"
719,15,18,4,"2023-05-29 15:29:41","2023-05-29 15:29:41"
720,15,19,,"2023-05-29 15:30:11","2023-05-29 15:30:11"
721,15,20,,"2023-05-29 15:30:26","2023-05-29 15:30:26"
722,15,21,,"2023-05-29 15:30:49","2023-05-29 15:30:49"
723,15,22,3,"2023-05-29 15:31:04","2023-05-29 15:31:04"
724,15,23,,"2023-05-29 15:31:25","2023-05-29 15:31:25"
725,15,24,,"2023-05-29 15:31:38","2023-05-29 15:31:38"
726,15,25,,"2023-05-29 15:31:57","2023-05-29 15:31:57"
727,15,26,3,"2023-05-29 15:32:32","2023-05-29 15:32:32"
728,15,27,,"2023-05-29 15:32:56","2023-05-29 15:32:56"
729,15,28,3,"2023-05-29 15:33:07","2023-05-29 15:33:07"
730,15,29,,"2023-05-29 15:33:32","2023-05-29 15:33:32"
731,15,30,4,"2023-05-29 15:33:52","2023-05-29 15:33:52"
732,15,31,,"2023-05-29 15:34:05","2023-05-29 15:34:05"
733,15,32,,"2023-05-29 15:34:21","2023-05-29 15:34:21"
734,15,33,,"2023-05-29 15:34:32","2023-05-29 15:34:32"
735,15,34,4,"2023-05-29 15:34:54","2023-05-29 15:34:54"
736,15,35,4,"2023-05-29 15:35:11","2023-05-29 15:35:11"
737,15,36,,"2023-05-29 15:35:21","2023-05-29 15:35:21"
738,15,37,5,"2023-05-29 15:35:36","2023-05-29 15:35:36"
739,15,38,3,"2023-05-29 15:36:01","2023-05-29 15:36:01"
740,15,39,,"2023-05-29 15:36:15","2023-05-29 15:36:15"
741,15,40,,"2023-05-29 15:36:27","2023-05-29 15:36:27"
742,15,41,,"2023-05-29 15:36:48","2023-05-29 15:36:48"
743,15,42,,"2023-05-29 15:37:04","2023-05-29 15:37:04"
744,15,43,,"2023-05-29 15:37:23","2023-05-29 15:37:23"
745,15,44,3,"2023-05-29 15:37:38","2023-05-29 15:37:38"
746,15,45,4,"2023-05-29 15:37:58","2023-05-29 15:37:58"
747,15,46,,"2023-05-29 15:38:08","2023-05-29 15:38:08"
748,15,47,,"2023-05-29 15:38:23","2023-05-29 15:38:23"
749,15,48,,"2023-05-29 15:38:33","2023-05-29 15:38:33"
750,15,49,,"2023-05-29 15:38:43","2023-05-29 15:38:43"
751,15,50,3,"2023-05-29 15:38:56","2023-05-29 15:38:56"
752,16,1,4,"2023-05-29 15:40:15","2023-05-29 15:40:15"
753,16,2,3,"2023-05-29 15:40:40","2023-05-29 15:40:40"
754,16,3,3,"2023-05-29 15:40:48","2023-05-29 15:40:48"
755,16,4,4,"2023-05-29 15:41:03","2023-05-29 15:41:03"
756,16,5,,"2023-05-29 15:41:18","2023-05-29 15:41:18"
757,16,6,,"2023-05-29 15:41:27","2023-05-29 15:41:27"
758,16,7,,"2023-05-29 15:41:36","2023-05-29 15:41:36"
759,16,8,,"2023-05-29 15:42:23","2023-05-29 15:42:23"
760,16,9,3,"2023-05-29 15:42:38","2023-05-29 15:42:38"
761,16,10,3,"2023-05-29 15:42:55","2023-05-29 15:42:55"
762,16,11,3,"2023-05-29 15:43:06","2023-05-29 15:43:06"
763,16,12,5,"2023-05-29 15:43:15","2023-05-29 15:43:15"
764,16,13,,"2023-05-29 15:43:26","2023-05-29 15:43:26"
765,16,14,,"2023-05-29 15:43:53","2023-05-29 15:43:53"
766,16,15,,"2023-05-29 15:44:23","2023-05-29 15:44:23"
767,16,16,2,"2023-05-29 15:44:34","2023-05-29 15:44:34"
768,16,17,3,"2023-05-29 15:44:45","2023-05-29 15:44:45"
769,16,18,3,"2023-05-29 15:44:55","2023-05-29 15:44:55"
770,16,19,2,"2023-05-29 15:45:04","2023-05-29 15:45:04"
771,16,20,,"2023-05-29 15:45:13","2023-05-29 15:45:13"
772,16,21,3,"2023-05-29 15:45:24","2023-05-29 15:45:24"
773,16,22,2,"2023-05-29 15:45:35","2023-05-29 15:45:35"
774,16,23,,"2023-05-29 15:45:46","2023-05-29 15:45:46"
775,16,24,,"2023-05-29 15:45:55","2023-05-29 15:45:55"
776,16,25,,"2023-05-29 15:46:06","2023-05-29 15:46:06"
777,16,26,,"2023-05-29 15:46:42","2023-05-29 15:46:42"
778,16,27,2,"2023-05-29 15:46:52","2023-05-29 15:46:52"
779,16,28,5,"2023-05-29 15:47:02","2023-05-29 15:47:02"
780,16,29,,"2023-05-29 15:47:16","2023-05-29 15:47:16"
781,16,30,2,"2023-05-29 15:47:27","2023-05-29 15:47:27"
782,16,31,,"2023-05-29 15:47:37","2023-05-29 15:47:37"
783,16,32,,"2023-05-29 15:47:51","2023-05-29 15:47:51"
784,16,34,3,"2023-05-29 15:48:04","2023-05-29 15:48:04"
785,16,35,4,"2023-05-29 15:48:13","2023-05-29 15:48:13"
786,16,36,,"2023-05-29 15:48:20","2023-05-29 15:48:20"
787,16,37,1,"2023-05-29 15:48:28","2023-05-29 15:48:28"
788,16,38,3,"2023-05-29 15:48:37","2023-05-29 15:48:37"
789,16,39,,"2023-05-29 15:48:48","2023-05-29 15:48:48"
790,16,40,,"2023-05-29 15:48:58","2023-05-29 15:48:58"
791,16,41,,"2023-05-29 15:49:07","2023-05-29 15:49:07"
792,16,42,,"2023-05-29 15:49:16","2023-05-29 15:49:16"
793,16,43,,"2023-05-29 15:49:25","2023-05-29 15:49:25"
794,16,44,3,"2023-05-29 15:49:34","2023-05-29 15:49:34"
795,16,45,3,"2023-05-29 15:49:42","2023-05-29 15:49:42"
796,16,46,,"2023-05-29 15:49:58","2023-05-29 15:49:58"
797,16,47,,"2023-05-29 15:50:07","2023-05-29 15:50:07"
798,16,48,,"2023-05-29 15:50:17","2023-05-29 15:50:17"
799,16,49,,"2023-05-29 15:50:26","2023-05-29 15:50:26"
800,16,50,2,"2023-05-29 15:50:36","2023-05-29 15:50:36"
801,17,1,2,"2023-05-29 15:51:54","2023-05-29 15:51:54"
802,17,2,3,"2023-05-29 15:52:04","2023-05-29 15:52:04"
803,17,3,2,"2023-05-29 15:52:11","2023-05-29 15:52:11"
804,17,4,3,"2023-05-29 15:52:22","2023-05-29 15:52:22"
805,17,5,,"2023-05-29 15:52:31","2023-05-29 15:52:31"
806,17,6,,"2023-05-29 15:53:00","2023-05-29 15:53:00"
807,17,7,,"2023-05-29 15:53:14","2023-05-29 15:53:14"
808,17,8,,"2023-05-29 15:53:25","2023-05-29 15:53:25"
809,17,9,2,"2023-05-29 15:53:36","2023-05-29 15:53:36"
810,17,10,3,"2023-05-29 15:53:48","2023-05-29 15:53:48"
811,17,11,2,"2023-05-29 15:54:18","2023-05-29 15:54:18"
812,17,12,3,"2023-05-29 15:55:06","2023-05-29 15:55:06"
813,17,13,1,"2023-05-29 15:55:18","2023-05-29 15:55:18"
814,17,14,1,"2023-05-29 15:55:43","2023-05-29 15:55:43"
815,17,15,,"2023-05-29 15:55:54","2023-05-29 15:55:54"
816,17,16,1,"2023-05-29 15:56:04","2023-05-29 15:56:04"
817,17,17,5,"2023-05-29 15:56:13","2023-05-29 15:56:13"
818,17,18,2,"2023-05-29 15:56:28","2023-05-29 15:56:28"
819,17,19,1,"2023-05-29 15:57:06","2023-05-29 15:57:06"
820,17,20,,"2023-05-29 15:57:14","2023-05-29 15:57:14"
821,17,21,,"2023-05-29 15:57:33","2023-05-29 15:57:33"
822,17,22,2,"2023-05-29 15:57:47","2023-05-29 15:57:47"
823,17,23,1,"2023-05-29 15:57:54","2023-05-29 15:57:54"
824,17,24,,"2023-05-29 15:58:04","2023-05-29 15:58:04"
825,17,25,,"2023-05-29 15:58:14","2023-05-29 15:58:14"
826,17,26,,"2023-05-29 15:58:21","2023-05-29 15:58:21"
827,17,27,,"2023-05-29 15:58:29","2023-05-29 15:58:29"
828,17,28,3,"2023-05-29 15:58:36","2023-05-29 15:58:36"
829,17,29,,"2023-05-29 15:58:47","2023-05-29 15:58:47"
830,17,30,1,"2023-05-29 15:58:55","2023-05-29 15:58:55"
831,17,31,,"2023-05-29 15:59:07","2023-05-29 15:59:07"
832,17,32,,"2023-05-29 15:59:16","2023-05-29 15:59:16"
833,17,33,,"2023-05-29 15:59:24","2023-05-29 15:59:24"
834,17,34,2,"2023-05-29 15:59:32","2023-05-29 15:59:32"
835,17,35,3,"2023-05-29 15:59:38","2023-05-29 15:59:38"
836,17,36,,"2023-05-29 15:59:47","2023-05-29 15:59:47"
837,17,37,1,"2023-05-29 15:59:55","2023-05-29 15:59:55"
838,17,38,3,"2023-05-29 16:00:02","2023-05-29 16:00:02"
839,17,39,,"2023-05-29 16:00:08","2023-05-29 16:00:08"
840,17,40,,"2023-05-29 16:00:17","2023-05-29 16:00:17"
841,17,41,,"2023-05-29 16:00:40","2023-05-29 16:00:40"
842,17,42,,"2023-05-29 16:00:52","2023-05-29 16:00:52"
843,17,43,,"2023-05-29 16:01:04","2023-05-29 16:01:04"
844,17,44,3,"2023-05-29 16:01:13","2023-05-29 16:01:13"
845,17,45,3,"2023-05-29 16:01:20","2023-05-29 16:01:20"
846,17,46,3,"2023-05-29 16:01:28","2023-05-29 16:01:28"
847,17,47,,"2023-05-29 16:01:34","2023-05-29 16:01:34"
848,17,48,,"2023-05-29 16:01:40","2023-05-29 16:01:40"
849,17,49,,"2023-05-29 16:01:49","2023-05-29 16:01:49"
850,17,50,1,"2023-05-29 16:01:56","2023-05-29 16:01:56"
851,18,1,2,"2023-05-29 16:04:18","2023-05-29 16:04:18"
852,18,2,3,"2023-05-29 16:04:26","2023-05-29 16:04:26"
853,18,3,,"2023-05-29 16:04:31","2023-05-29 16:04:31"
854,18,4,,"2023-05-29 16:04:36","2023-05-29 16:04:36"
855,18,5,,"2023-05-29 16:04:46","2023-05-29 16:04:46"
856,18,6,1,"2023-05-29 16:04:54","2023-05-29 16:04:54"
857,18,7,,"2023-05-29 16:05:00","2023-05-29 16:05:00"
858,18,8,2,"2023-05-29 16:06:14","2023-05-29 16:06:14"
859,18,9,,"2023-05-29 16:06:43","2023-05-29 16:06:43"
860,18,10,,"2023-05-29 16:06:50","2023-05-29 16:06:50"
861,18,11,4,"2023-05-29 16:06:58","2023-05-29 16:06:58"
862,18,12,,"2023-05-29 16:07:06","2023-05-29 16:07:06"
863,18,13,,"2023-05-29 16:07:13","2023-05-29 16:07:13"
864,18,14,4,"2023-05-29 16:07:20","2023-05-29 16:07:20"
865,18,15,3,"2023-05-29 16:07:26","2023-05-29 16:07:26"
866,18,16,3,"2023-05-29 16:07:36","2023-05-29 16:07:36"
867,18,17,,"2023-05-29 16:07:44","2023-05-29 16:07:44"
868,18,18,4,"2023-05-29 16:07:52","2023-05-29 16:07:52"
869,18,19,,"2023-05-29 16:07:59","2023-05-29 16:07:59"
870,18,20,,"2023-05-29 16:08:07","2023-05-29 16:08:07"
871,18,21,3,"2023-05-29 16:08:19","2023-05-29 16:08:19"
872,18,22,3,"2023-05-29 16:08:54","2023-05-29 16:08:54"
873,18,23,3,"2023-05-29 16:09:17","2023-05-29 16:09:17"
874,18,24,,"2023-05-29 16:09:33","2023-05-29 16:09:33"
875,18,25,,"2023-05-29 16:09:40","2023-05-29 16:09:40"
876,18,26,3,"2023-05-29 16:09:49","2023-05-29 16:09:49"
877,18,27,,"2023-05-29 16:09:59","2023-05-29 16:09:59"
878,18,28,,"2023-05-29 16:10:07","2023-05-29 16:10:07"
879,18,29,2,"2023-05-29 16:10:15","2023-05-29 16:10:15"
880,18,30,3,"2023-05-29 16:10:22","2023-05-29 16:10:22"
881,18,31,,"2023-05-29 16:10:31","2023-05-29 16:10:31"
882,18,32,,"2023-05-29 16:10:37","2023-05-29 16:10:37"
883,18,33,,"2023-05-29 16:10:48","2023-05-29 16:10:48"
884,18,34,5,"2023-05-29 16:10:55","2023-05-29 16:10:55"
885,18,35,3,"2023-05-29 16:11:05","2023-05-29 16:11:05"
886,18,36,,"2023-05-29 16:11:16","2023-05-29 16:11:16"
887,18,37,3,"2023-05-29 16:11:25","2023-05-29 16:11:25"
888,18,38,,"2023-05-29 16:11:32","2023-05-29 16:11:32"
889,18,39,,"2023-05-29 16:11:45","2023-05-29 16:11:45"
890,18,40,,"2023-05-29 16:11:54","2023-05-29 16:11:54"
891,18,41,,"2023-05-29 16:12:04","2023-05-29 16:12:04"
892,18,42,1,"2023-05-29 16:12:16","2023-05-29 16:12:16"
893,18,43,,"2023-05-29 16:12:23","2023-05-29 16:12:23"
894,18,44,3,"2023-05-29 16:12:31","2023-05-29 16:12:31"
895,18,45,3,"2023-05-29 16:12:39","2023-05-29 16:12:39"
896,18,46,,"2023-05-29 16:12:48","2023-05-29 16:12:48"
897,18,47,,"2023-05-29 16:12:55","2023-05-29 16:12:55"
898,18,48,,"2023-05-29 16:13:04","2023-05-29 16:13:04"
899,18,49,,"2023-05-29 16:13:11","2023-05-29 16:13:11"
900,18,50,3,"2023-05-29 16:13:21","2023-05-29 16:13:21"
901,19,1,2,"2023-05-29 16:15:59","2023-05-29 16:15:59"
902,19,2,3,"2023-05-29 16:16:05","2023-05-29 16:16:05"
903,19,3,2,"2023-05-29 16:16:12","2023-05-29 16:16:12"
904,19,4,3,"2023-05-29 16:16:18","2023-05-29 16:16:18"
905,19,5,,"2023-05-29 16:16:24","2023-05-29 16:16:24"
906,19,6,,"2023-05-29 16:16:31","2023-05-29 16:16:31"
907,19,7,,"2023-05-29 16:16:38","2023-05-29 16:16:38"
908,19,8,,"2023-05-29 16:16:45","2023-05-29 16:16:45"
909,19,9,,"2023-05-29 16:16:54","2023-05-29 16:16:54"
910,19,10,3,"2023-05-29 16:17:04","2023-05-29 16:17:04"
911,19,11,3,"2023-05-29 16:17:15","2023-05-29 16:17:15"
912,19,12,4,"2023-05-29 16:17:24","2023-05-29 16:17:24"
913,19,13,,"2023-05-29 16:17:31","2023-05-29 16:17:31"
914,19,14,,"2023-05-29 16:17:39","2023-05-29 16:17:39"
915,19,15,,"2023-05-29 16:17:46","2023-05-29 16:17:46"
916,19,16,,"2023-05-29 16:17:58","2023-05-29 16:17:58"
917,19,17,4,"2023-05-29 16:18:05","2023-05-29 16:18:05"
918,19,18,3,"2023-05-29 16:18:14","2023-05-29 16:18:14"
919,19,19,2,"2023-05-29 16:18:21","2023-05-29 16:18:21"
920,19,20,,"2023-05-29 16:18:27","2023-05-29 16:18:27"
921,19,21,2,"2023-05-29 16:18:35","2023-05-29 16:18:35"
922,19,22,1,"2023-05-29 16:19:05","2023-05-29 16:19:05"
923,19,23,1,"2023-05-29 16:19:11","2023-05-29 16:19:11"
924,19,24,3,"2023-05-29 16:19:21","2023-05-29 16:19:21"
925,19,25,,"2023-05-29 16:19:28","2023-05-29 16:19:28"
926,19,26,,"2023-05-29 16:19:35","2023-05-29 16:19:35"
927,19,27,2,"2023-05-29 16:19:42","2023-05-29 16:19:42"
928,19,28,5,"2023-05-29 16:19:51","2023-05-29 16:19:51"
929,19,29,,"2023-05-29 16:19:58","2023-05-29 16:19:58"
930,19,30,1,"2023-05-29 16:20:08","2023-05-29 16:20:08"
931,19,31,,"2023-05-29 16:20:25","2023-05-29 16:20:25"
932,19,32,,"2023-05-29 16:20:32","2023-05-29 16:20:32"
933,19,33,,"2023-05-29 16:20:39","2023-05-29 16:20:39"
934,19,34,2,"2023-05-29 16:21:06","2023-05-29 16:21:06"
935,19,35,3,"2023-05-29 16:21:13","2023-05-29 16:21:13"
936,19,36,2,"2023-05-29 16:21:22","2023-05-29 16:21:22"
937,19,37,1,"2023-05-29 16:21:30","2023-05-29 16:21:30"
938,19,38,3,"2023-05-29 16:21:37","2023-05-29 16:21:37"
939,19,39,,"2023-05-29 16:21:44","2023-05-29 16:21:44"
940,19,40,,"2023-05-29 16:21:51","2023-05-29 16:21:51"
941,19,41,,"2023-05-29 16:21:59","2023-05-29 16:21:59"
942,19,42,,"2023-05-29 16:22:06","2023-05-29 16:22:06"
943,19,43,,"2023-05-29 16:22:20","2023-05-29 16:22:20"
944,19,44,3,"2023-05-29 16:22:30","2023-05-29 16:22:30"
945,19,45,2,"2023-05-29 16:22:40","2023-05-29 16:22:40"
946,19,46,1,"2023-05-29 16:22:47","2023-05-29 16:22:47"
947,19,47,2,"2023-05-29 16:22:54","2023-05-29 16:22:54"
948,19,48,,"2023-05-29 16:23:01","2023-05-29 16:23:01"
949,19,49,,"2023-05-29 16:23:08","2023-05-29 16:23:08"
950,19,50,3,"2023-05-29 16:23:16","2023-05-29 16:23:16"
951,20,1,3,"2023-05-29 16:25:52","2023-05-29 16:25:52"
952,20,2,3,"2023-05-29 16:25:57","2023-05-29 16:25:57"
953,20,3,3,"2023-05-29 16:26:03","2023-05-29 16:26:03"
954,20,4,2,"2023-05-29 16:26:09","2023-05-29 16:26:09"
955,20,5,,"2023-05-29 16:26:14","2023-05-29 16:26:14"
956,20,6,,"2023-05-29 16:26:21","2023-05-29 16:26:21"
957,20,7,,"2023-05-29 16:26:28","2023-05-29 16:26:28"
958,20,8,1,"2023-05-29 16:26:35","2023-05-29 16:26:35"
959,20,9,2,"2023-05-29 16:26:43","2023-05-29 16:26:43"
960,20,10,3,"2023-05-29 16:26:53","2023-05-29 16:26:53"
961,20,11,2,"2023-05-29 16:27:00","2023-05-29 16:27:00"
962,20,12,4,"2023-05-29 16:27:06","2023-05-29 16:27:06"
963,20,13,2,"2023-05-29 16:27:12","2023-05-29 16:27:12"
964,20,14,1,"2023-05-29 16:27:17","2023-05-29 16:27:17"
965,20,15,,"2023-05-29 16:27:24","2023-05-29 16:27:24"
966,20,16,1,"2023-05-29 16:27:33","2023-05-29 16:27:33"
967,20,17,2,"2023-05-29 16:27:39","2023-05-29 16:27:39"
968,20,18,2,"2023-05-29 16:27:47","2023-05-29 16:27:47"
969,20,19,2,"2023-05-29 16:27:56","2023-05-29 16:27:56"
970,20,20,3,"2023-05-29 16:28:03","2023-05-29 16:28:03"
971,20,21,2,"2023-05-29 16:28:10","2023-05-29 16:28:10"
972,20,22,1,"2023-05-29 16:28:16","2023-05-29 16:28:16"
973,20,23,1,"2023-05-29 16:28:24","2023-05-29 16:28:24"
974,20,24,3,"2023-05-29 16:28:33","2023-05-29 16:28:33"
975,20,25,1,"2023-05-29 16:28:41","2023-05-29 16:28:41"
976,20,26,1,"2023-05-29 16:28:48","2023-05-29 16:28:48"
977,20,27,3,"2023-05-29 16:29:13","2023-05-29 16:29:13"
978,20,28,5,"2023-05-29 16:29:22","2023-05-29 16:29:22"
979,20,29,,"2023-05-29 16:29:30","2023-05-29 16:29:30"
980,20,30,2,"2023-05-29 16:29:40","2023-05-29 16:29:40"
981,20,31,,"2023-05-29 16:29:51","2023-05-29 16:29:51"
982,20,32,,"2023-05-29 16:30:02","2023-05-29 16:30:02"
983,20,33,,"2023-05-29 16:30:14","2023-05-29 16:30:14"
984,20,34,2,"2023-05-29 16:30:50","2023-05-29 16:30:50"
985,20,35,3,"2023-05-29 16:31:24","2023-05-29 16:31:24"
986,20,36,2,"2023-05-29 16:31:33","2023-05-29 16:31:33"
987,20,37,1,"2023-05-29 16:31:43","2023-05-29 16:31:43"
988,20,38,5,"2023-05-29 16:31:52","2023-05-29 16:31:52"
989,20,39,1,"2023-05-29 16:32:01","2023-05-29 16:32:01"
990,20,40,3,"2023-05-29 16:32:09","2023-05-29 16:32:09"
991,20,41,2,"2023-05-29 16:32:17","2023-05-29 16:32:17"
992,20,42,,"2023-05-29 16:32:33","2023-05-29 16:32:33"
993,20,43,,"2023-05-29 16:32:48","2023-05-29 16:32:48"
994,20,44,4,"2023-05-29 16:32:58","2023-05-29 16:32:58"
995,20,45,2,"2023-05-29 16:33:05","2023-05-29 16:33:05"
996,20,46,1,"2023-05-29 16:33:12","2023-05-29 16:33:12"
997,20,47,1,"2023-05-29 16:33:20","2023-05-29 16:33:20"
998,20,48,,"2023-05-29 16:33:29","2023-05-29 16:33:29"
999,20,49,,"2023-05-29 16:33:40","2023-05-29 16:33:40"
1000,20,50,2,"2023-05-29 16:33:50","2023-05-29 16:33:50"
